salt,4733
butter,1981
sugar,1861
water,1815
eggs,1607
olive oil,1574
onions,1558
garlic,1438
pepper,1291
milk,1266
unsalted butter,1086
all-purpose flour,1081
flour,967
kosher salt,920
baking powder,765
garlic cloves,744
vanilla extract,713
large eggs,676
lemon juice,662
vegetable oil,646
oil,624
brown sugar,623
ground black pepper,621
carrots,615
sea salt,609
granulated sugar,592
lemon,589
black pepper,560
honey,537
baking soda,535
cinnamon,468
extra-virgin olive oil,461
powdered sugar,446
corn starch,433
heavy cream,421
soy sauce,418
ground cinnamon,388
ginger,384
garlic powder,355
tomatoes,354
