salt,16
all-purpose flour,8
unsalted butter,6
ground black pepper,5
garlic powder,5
onions,5
black pepper,5
kosher salt,4
garlic,4
brown sugar,4
ketchup,4
sugar,4
worcestershire sauce,4
vegetable oil,4
creole seasoning,4
dark brown sugar,4
bacon,4
tomatoes,3
yellow onion,3
lemon,3
catfish fillets,3
olive oil,3
yellow cornmeal,3
mayonnaise,3
fresh lemon juice,3
water,3
grated lemon zest,3
dijon mustard,3
fresh parsley,3
ground cinnamon,3
purple onion,3
rolled oats,2
grill seasoning,2
cider vinegar,2
milk,2
navy beans,2
baking powder,2
monterey jack,2
butter,2
sharp cheddar cheese,2
baking soda,2
cinnamon,2
okra,2
dried pasta,2
onion powder,2
whole wheat buns,2
pineapple rings,2
Sriracha,2
cilantro,2
canola,2
extra-virgin olive oil,2
pepper,2
shredded cheddar cheese,2
cayenne pepper,2
ground beef,2
teriyaki sauce,2
yellow mustard,2
molasses,2
flour,2
wondra flour,2
canola oil,2
dry white wine,2
raspberries,2
cayenne,2
ground red pepper,2
fresh tarragon,2
hot sauce,2
bell pepper,2
dried thyme,2
neutral oil,2
corn starch,2
ground chicken breast,2
large eggs,2
red pepper flakes,1
fresh blueberries,1
mustard,1
kaiser rolls,1
tomato pur√©e,1
white sugar,1
cabbage,1
Tabasco Pepper Sauce,1
celery,1
medium egg noodles,1
pickles,1
dry mustard,1
bacon slices,1
unsulphured molasses,1
white wine,1
black peppercorns,1
char fillets,1
shrimp,1
cooked rice,1
salt free seasoning,1
cold water,1
white bread,1
prepared mustard,1
ice,1
buffalo sauce,1
green bell pepper,1
green onions,1
file powder,1
chopped cilantro,1
beer,1
brats,1
smoked paprika,1
extract,1
mustard sauce,1
sweet onion,1
beef broth,1
lemon juice,1
wafer,1
garlic cloves,1
parmesan cheese,1
walnut halves,1
bbq sauce,1
bay leaf,1
celery leaves,1
chuck roast,1
chicken bouillon granules,1
sliced tomatoes,1
lettuce leaves,1
cooking spray,1
shrimp shells,1
thousand island dressing,1
burger buns,1
granulated sugar,1
chicken broth,1
American cheese,1
hoagie rolls,1
minced garlic,1
ground pepper,1
pork,1
crawfish,1
lemon wedges,1
heavy whipping cream,1
bay leaves,1
ground chuck,1
coconut flakes,1
lime juice,1
root beer,1
shrimp stock,1
fresh basil leaves,1
thick-cut bacon,1
pitted prunes,1
light beer,1
sweet paprika,1
boiling water,1
chopped fresh thyme,1
avocado,1
chicken stock,1
curry powder,1
fettucine,1
diced onions,1
italian seasoning,1
fennel bulb,1
tomato ketchup,1
white wine vinegar,1
earl grey tea bags,1
shallots,1
canola mayonnaise,1
pinto beans,1
red bell pepper,1
oats,1
chopped celery,1
unsweetened cocoa powder,1
white pea beans,1
spices,1
walnuts,1
gouda,1
boneless skinless chicken breasts,1
ground oregano,1
bacon ranch dressing,1
fresh breadcrumbs,1
sweet potatoes,1
vanilla extract,1
apple cider vinegar,1
coarse salt,1
Crystal Hot Sauce,1
lime,1
mashed potatoes,1
pure vanilla extract,1
