salt,194
soy sauce,158
garlic,129
sesame oil,115
water,109
onions,108
corn starch,103
oil,96
sugar,95
green onions,89
vegetable oil,84
rice vinegar,78
ginger,70
fresh ginger,64
scallions,64
ground turmeric,60
garlic cloves,55
oyster sauce,51
carrots,50
garam masala,43
peanut oil,40
ground cumin,38
eggs,38
fish sauce,37
cilantro leaves,36
light soy sauce,34
brown sugar,34
pepper,33
green chilies,33
sesame seeds,32
boneless skinless chicken breasts,32
chili powder,31
low sodium soy sauce,31
clove,30
red chili peppers,30
Shaoxing wine,28
canola oil,28
honey,27
shallots,27
dark soy sauce,26
spring onions,26
hoisin sauce,26
cumin seed,26
olive oil,25
white pepper,24
ground black pepper,24
minced garlic,24
red bell pepper,24
garlic paste,23
chicken stock,23
kosher salt,23
curry powder,23
tomatoes,23
ground coriander,22
coconut milk,22
ghee,22
beansprouts,20
ketchup,20
black pepper,20
cinnamon sticks,19
cooking oil,19
coriander powder,19
red chili powder,18
toasted sesame seeds,17
cucumber,17
basmati rice,17
all-purpose flour,17
large eggs,17
chicken,16
cooked rice,16
chicken broth,16
chinese five-spice powder,15
turmeric,15
celery,15
toasted sesame oil,14
yellow onion,14
lemongrass,14
bay leaves,14
red pepper flakes,14
butter,13
bok choy,13
rice,13
yoghurt,13
cilantro,13
fresh ginger root,13
chicken breasts,13
rice wine,13
chopped fresh cilantro,13
bamboo shoots,13
sea salt,12
peanuts,12
spring roll wrappers,12
bay leaf,12
plain yogurt,12
sauce,12
granulated sugar,12
cabbage,12
dry sherry,12
minced ginger,12
lime juice,12
frozen peas,12
red pepper,11
potatoes,11
lemon juice,11
chow mein noodles,11
saffron,11
pork,11
coriander,11
garlic powder,11
curry leaves,11
ground ginger,11
chopped cilantro,11
cashew nuts,11
peeled fresh ginger,11
pork tenderloin,11
fennel seeds,10
paprika,10
flour,10
green bell pepper,10
mushrooms,10
water chestnuts,10
lemon,10
cardamom pods,10
egg noodles,10
shiitake,10
chile pepper,10
mustard seeds,10
fish,10
shredded carrots,10
ginger paste,10
corn flour,10
pineapple juice,9
light brown sugar,9
pineapple chunks,9
ground white pepper,9
star anise,9
chopped garlic,9
firm tofu,9
white sugar,9
milk,9
mint leaves,9
galangal,9
mirin,9
szechwan peppercorns,9
Sriracha,8
shrimp,8
fresh lemon juice,8
palm sugar,8
low sodium chicken broth,8
purple onion,8
boneless skinless chicken thighs,8
kaffir lime leaves,8
tofu,8
black peppercorns,8
chili paste,8
coriander seeds,8
cardamom,8
fresh lime juice,8
beef,7
miso paste,7
lime,7
shrimp paste,7
napa cabbage,7
snow peas,7
cinnamon,7
tomato ketchup,7
sake,7
betel leaves,7
broccoli florets,7
thai chile,7
fresh mint,7
Chinese egg noodles,7
white vinegar,7
cayenne pepper,7
warm water,7
black sesame seeds,7
rice noodles,7
cauliflower,7
white sesame seeds,6
ground cinnamon,6
noodles,6
red curry paste,6
ginger garlic paste,6
egg whites,6
light coconut milk,6
chili sauce,6
ground cardamom,6
dark sesame oil,6
flank steak,6
green cardamom,6
green beans,6
veggies,6
garlic chili sauce,6
vinegar,6
maida flour,6
ground beef,6
seaweed,6
boiling water,6
chili pepper,6
baking powder,5
baking soda,5
freshly ground pepper,5
radishes,5
juice,5
sliced green onions,5
coconut,5
prawns,5
brown cardamom,5
sugar pea,5
chicken wings,5
tomato pur√©e,5
green pepper,5
green peas,5
black vinegar,5
tamari soy sauce,5
salted cashews,5
ground pork,5
tomato sauce,5
chili flakes,5
cold water,5
medium carrot,5
saffron threads,5
chinese rice wine,5
boneless chicken breast,5
dried red chile peppers,5
thai basil,4
king prawns,4
soba noodles,4
broccoli,4
lettuce leaves,4
ground pepper,4
mango,4
fresh cilantro,4
rice vermicelli,4
lamb shoulder,4
lemon grass,4
dashi,4
garbanzo beans,4
egg roll wrappers,4
dried shrimp,4
whole wheat flour,4
chickpea flour,4
spinach,4
garlic salt,4
unsalted cashews,4
lemon zest,4
Gochujang base,4
creamy peanut butter,4
peanut butter,4
sweet chili sauce,4
vegetables,4
mace,4
ramen noodles,4
Biryani Masala,4
hot water,4
onion powder,4
chillies,4
tripe,4
peppercorns,4
tomato paste,4
zucchini,4
chiles,4
mint,4
extra firm tofu,4
worcestershire sauce,4
ground lamb,4
apple cider vinegar,4
soya granules,4
ginger root,3
herbs,3
shredded cabbage,3
crushed garlic,3
cayenne,3
asian eggplants,3
scallion greens,3
bbq sauce,3
curly kale,3
ground red pepper,3
grapeseed oil,3
gluten free soy sauce,3
garlic chives,3
green cardamom pods,3
squid,3
sherry,3
chinese black vinegar,3
skinless chicken thighs,3
heavy cream,3
fish fillets,3
skinless chicken breasts,3
plum sauce,3
hot red pepper flakes,3
chili bean paste,3
coconut oil,3
mung bean sprouts,3
cider vinegar,3
lemon slices,3
large potatoes,3
agave nectar,3
brown rice,3
fish balls,3
chili,3
sliced mushrooms,3
leaves,3
diced tomatoes,3
vegetable stock,3
cumin,3
Madras curry powder,3
chicken thighs,3
fine sea salt,3
sliced carrots,3
white wine vinegar,3
baby bok choy,3
chinese sausage,3
freshly ground black pepper,3
dried shiitake mushrooms,3
baby spinach,3
almond milk,3
whitefish fillets,3
small potatoes,3
mutton,3
dry roasted peanuts,3
fishcake,3
matchstick carrots,3
baby corn,3
sunflower oil,3
maple syrup,3
quinoa,3
whole milk,3
ground turkey,3
bell pepper,3
lettuce,3
coarse salt,3
cooked white rice,3
beans,3
meat,3
boneless skinless chicken breast halves,3
pomfret,3
Thai red curry paste,3
boneless pork shoulder,3
roasted peanuts,3
chili oil,3
reduced sodium soy sauce,3
whole cashews,3
chicken pieces,3
large garlic cloves,3
fresh coriander,3
simple syrup,2
medium tomatoes,2
Italian basil,2
button mushrooms,2
regular soy sauce,2
cherry tomatoes,2
sichuanese chili paste,2
butter lettuce,2
chinese celery,2
tamarind,2
choy sum,2
peas,2
red potato,2
boneless chicken,2
celery ribs,2
udon,2
cooking spray,2
crushed red pepper flakes,2
kale,2
unsalted roasted cashews,2
wood ear mushrooms,2
wasabi,2
dipping sauce,2
diced onions,2
gari,2
grated coconut,2
lime zest,2
curry paste,2
whole peeled tomatoes,2
young ginger,2
hot sauce,2
potato starch,2
chicken legs,2
green curry paste,2
sweet bean sauce,2
lo mein noodles,2
chinese turnip,2
sushi rice,2
caramels,2
masala,2
short-grain rice,2
lard,2
fish head,2
chili garlic paste,2
Chinese rice vinegar,2
black bean sauce,2
egg wash,2
tamarind pulp,2
pork fillets,2
cabbage leaves,2
curry,2
wonton wrappers,2
black cardamom pods,2
fresh prawn,2
