salt,124
olive oil,87
garlic,70
kosher salt,57
onions,52
garlic cloves,44
pepper,43
lemon juice,41
ground black pepper,40
black pepper,39
ground cumin,39
paprika,37
purple onion,34
butter,33
garlic powder,33
soy sauce,33
lemon,31
brown sugar,31
worcestershire sauce,30
extra-virgin olive oil,29
mayonnaise,28
cayenne pepper,28
ground beef,28
ketchup,26
honey,23
chili powder,22
water,22
ground coriander,21
fresh ginger,21
sugar,21
sea salt,18
hamburger buns,18
freshly ground black pepper,17
barbecue sauce,16
ground ginger,16
bacon,16
ground cinnamon,15
vegetable oil,15
lime,15
onion powder,15
fresh lemon juice,14
smoked paprika,14
cumin,14
shallots,13
boneless skinless chicken breasts,13
lettuce,13
lime juice,13
freshly ground pepper,12
garam masala,12
orange juice,12
cilantro,12
cucumber,12
white vinegar,12
balsamic vinegar,12
unsalted butter,12
canola oil,12
cheddar cheese,12
apple cider vinegar,12
plain yogurt,11
avocado,11
tomatoes,11
mustard,11
red bell pepper,11
parsley,10
light brown sugar,10
molasses,10
ginger,10
chopped fresh cilantro,10
jalapeno chilies,10
fish sauce,10
ground lamb,10
fresh mint,9
green onions,9
dijon mustard,9
yoghurt,9
hamburger patties,9
minced garlic,9
dried oregano,9
rice vinegar,9
oil,9
cracked black pepper,8
bbq sauce,8
fresh rosemary,8
pineapple,8
sliced tomatoes,8
bamboo shoots,8
red pepper flakes,8
ground turmeric,8
fresh lime juice,8
eggs,7
thick-cut bacon,7
hot sauce,7
heavy cream,7
cider vinegar,7
tomato sauce,7
orange,7
dry mustard,7
lemon wedges,7
fresh parsley,7
dried thyme,7
low sodium soy sauce,7
pork tenderloin,7
Sriracha,6
cayenne,6
cherry tomatoes,6
juice,6
oysters,6
black peppercorns,6
burger buns,6
cilantro leaves,6
seasoning,6
chopped cilantro,6
salmon fillets,6
shrimp,5
carrots,5
sharp cheddar cheese,5
coriander,5
flour,5
fresh cilantro,5
pineapple juice,5
crumbled blue cheese,5
yellow onion,5
grated parmesan cheese,5
sauce,5
turmeric,5
dill pickles,5
parmesan cheese,5
garlic salt,5
granulated sugar,5
dried mint,5
chopped parsley,5
curry powder,5
chicken breasts,5
cinnamon,5
plain greek yogurt,5
dry white wine,5
green bell pepper,5
fresh dill,5
ground allspice,5
corn,5
mint leaves,5
zucchini,5
mint,5
condiments,5
peanut butter,5
chicken,5
fresh oregano,5
chips,4
yellow bell pepper,4
lime wedges,4
ground chicken,4
cooking spray,4
ground pepper,4
clove,4
peaches,4
chinese five-spice powder,4
sesame oil,4
dried basil,4
thyme,4
palm sugar,4
pita bread,4
ginger paste,4
bay leaves,4
fresh thyme,4
cold water,4
arugula,4
buffalo sauce,4
teriyaki sauce,4
tempeh,4
marinade,4
ground chuck,4
yellow mustard,4
boneless skinless chicken thighs,4
corn starch,4
basil leaves,4
oregano,4
brats,4
italian seasoning,4
cumin seed,4
coarse salt,4
pork spare ribs,4
scallions,4
milk,4
red wine vinegar,4
mustard seeds,4
cheese,4
beer,4
fresh pineapple,4
green pepper,4
leg of lamb,4
red chili powder,4
ground cloves,4
grapefruit,4
sour cream,4
white wine,3
baking powder,3
chipotle,3
herbs,3
potatoes,3
grapefruit juice,3
tamarind,3
fennel seeds,3
crushed red pepper flakes,3
maple syrup,3
virgin olive oil,3
swordfish steaks,3
tahini,3
lime zest,3
tequila,3
ground red pepper,3
Dr. Pepper®,3
halibut fillets,3
figs,3
sardines,3
coconut oil,3
poblano peppers,3
mushrooms,3
chives,3
lemon pepper,3
coconut milk,3
flat leaf parsley,3
ground sirloin,3
ground cardamom,3
snow peas,3
peanut oil,3
firmly packed brown sugar,3
white wine vinegar,3
leg quarters,3
baby back ribs,3
hoisin sauce,3
bread crumbs,3
bread,3
fresh thyme leaves,3
seasoning salt,3
coriander seeds,3
greek yogurt,3
mustard powder,3
crushed red pepper,3
fresh tomatoes,3
sweet chili sauce,3
vegetables,3
white sugar,3
feta cheese,3
table salt,3
betel leaves,3
redfish,3
ground mustard,3
red capsicum,3
sea bream,3
veggies,3
kaiser rolls,3
sugar pea,3
monterey jack,3
nutritional yeast,3
garlic paste,3
blue cheese,3
allspice,3
American cheese,3
basil,3
warm water,3
white onion,3
cauliflower,3
chicken pieces,3
large garlic cloves,3
ground chicken breast,3
adobo sauce,2
prepared mustard,2
red pepper,2
honey mustard,2
relish,2
peanuts,2
fresh orange juice,2
baking soda,2
buns,2
whole wheat hamburger buns,2
venison,2
vidalia onion,2
minced onion,2
bay leaf,2
radishes,2
Shaoxing wine,2
sesame seeds,2
chopped onion,2
rosemary leaves,2
firm tofu,2
shredded lettuce,2
prepared horseradish,2
flatbread,2
fresh basil leaves,2
allspice berries,2
diced onions,2
chicken stock,2
pure maple syrup,2
mango,2
sirloin,2
bell pepper,2
whole peeled tomatoes,2
squid,2
jumbo shrimp,2
yellow mustard seeds,2
onion rings,2
tomato paste,2
goat cheese,2
hearts of palm,2
skinless chicken breasts,2
chicken legs,2
grill seasoning,2
Madras curry powder,2
fresh bay leaves,2
aleppo pepper,2
chickpea flour,2
cilantro root,2
tamarind pulp,2
curing salt,2
mustard oil,2
peanut sauce,2
beansprouts,2
extra firm tofu,2
vanilla beans,2
poultry seasoning,2
capers,2
steak,2
ground chipotle chile pepper,2
beets,2
celery,2
tomato ketchup,2
melted butter,2
trout,2
chiles,2
yams,2
creole seasoning,2
whole grain mustard,2
tomato purée,2
chipotles in adobo,2
rosemary sprigs,2
fresh basil,2
dark brown sugar,2
raw sugar,2
tofu,2
crimini mushrooms,2
pimento cheese,2
fresh mushrooms,2
rack of lamb,2
lettuce leaves,2
lamb chops,2
stir fry vegetable blend,2
fresh parsley leaves,2
spinach leaves,2
rib eye steaks,2
almond milk,2
andouille sausage,2
fine sea salt,2
mango juice,2
pineapple rings,2
crusty bread,2
watercress,2
american cheese slices,2
green cardamom,2
boneless chicken breast,2
sweet onion,2
chopped garlic,2
parsley leaves,2
marjoram,2
orange peel,2
rosemary,2
orange zest,2
seeds,2
pomegranate molasses,2
cajun seasoning,2
hot dog bun,2
chili flakes,2
chopped fresh thyme,2
panko breadcrumbs,2
sesame seeds buns,2
glaze,2
filet,2
seafood stock,2
lemongrass,2
pork baby back ribs,2
whole chicken,2
Tabasco Pepper Sauce,2
egg yolks,2
Italian style breadcrumbs,2
lemon balm,2
brioche buns,2
curds,2
okra,2
vinegar,2
alfalfa sprouts,2
saffron threads,2
fish,2
orange liqueur,2
beef,2
coleslaw,2
nonfat plain greek yogurt,2
rice vermicelli,2
country crock honey spread,2
pickled onion,2
red chili peppers,2
dried dillweed,2
