salt,13
garlic,11
creole seasoning,9
celery,8
cajun seasoning,8
ground black pepper,7
green bell pepper,7
onions,7
cayenne pepper,7
garlic powder,6
dried thyme,6
olive oil,6
kosher salt,6
catfish fillets,6
lemon wedges,5
dried oregano,5
unsalted butter,5
lemon,5
hot sauce,5
paprika,5
bay leaves,4
shrimp,4
yellow onion,4
andouille sausage,4
canola oil,4
dry white wine,4
cayenne,4
green onions,4
all-purpose flour,4
fresh parsley,3
red pepper flakes,3
vegetable oil,3
black pepper,3
freshly ground black pepper,2
boneless skinless chicken breast halves,2
chopped parsley,2
black peppercorns,2
water,2
chopped fresh thyme,2
cooked rice,2
fresh parsley leaves,2
flour,2
ground white pepper,2
Mexican cheese blend,2
active dry yeast,2
okra,2
wondra flour,2
sugar,2
hellmann' or best food real mayonnais,2
heavy whipping cream,2
smoked ham hocks,2
flat leaf parsley,2
butter,2
medium shrimp,2
red kidney beans,2
fresh oregano leaves,2
neutral oil,2
corn starch,2
yellow cornmeal,2
chopped celery,2
cooked white rice,2
canola,2
spices,2
cremini mushrooms,2
fresh breadcrumbs,2
granulated sugar,2
crawfish,2
pepper,2
creole mustard,2
lump crab meat,2
green pepper,2
large eggs,2
bread flour,2
evaporated milk,1
tomatoes,1
cooking oil,1
shredded swiss cheese,1
fresh lemon juice,1
lemon pepper,1
warm water,1
red potato,1
penne pasta,1
white cornmeal,1
clarified butter,1
red pepper,1
white sugar,1
cornmeal,1
fresh thyme,1
whole milk,1
sweet potatoes,1
hot dog bun,1
dried kidney beans,1
buttermilk,1
chorizo sausage,1
confectioners sugar,1
flavoring,1
salsa,1
yellow peppers,1
grated parmesan cheese,1
sea scallops,1
pumpkin pie spice,1
rubbed sage,1
fettucine,1
Klondike Rose red skin potato,1
low sodium chicken broth,1
scallions,1
chopped green bell pepper,1
shrimp stock,1
baking soda,1
fennel bulb,1
ground cayenne pepper,1
onion powder,1
file powder,1
scallops,1
chicken stock,1
chopped tomatoes,1
chicken,1
freshly ground pepper,1
worcestershire sauce,1
light brown sugar,1
cumin,1
large shrimp,1
cumin seed,1
heavy cream,1
sour cream,1
minced garlic,1
bell pepper,1
fettuccine pasta,1
tilapia fillets,1
sweet pickle relish,1
Johnsonville Andouille Fully Cooked Sausage,1
dried chile peppers,1
chili powder,1
greens,1
garlic cloves,1
eggs,1
shortening,1
red bell pepper,1
purple onion,1
white wine,1
parsley,1
frozen peas,1
vegetable oil cooking spray,1
celery leaves,1
fennel seeds,1
Jasmine brown rice,1
white mustard seeds,1
chopped onion,1
shrimp shells,1
pepper jack,1
crushed red pepper flakes,1
fresh cod,1
diced tomatoes,1
diced tomatoes in juice,1
salad dressing,1
chicken broth,1
red drum,1
cold water,1
Crystal Hot Sauce,1
lime,1
leeks,1
tomato paste,1
mushrooms,1
fresh basil,1
black-eyed peas,1
powdered sugar,1
Pompeian Canola Oil and Extra Virgin Olive Oil,1
