soy sauce,82
salt,77
sesame oil,61
corn starch,60
water,51
sugar,51
garlic,50
scallions,50
green onions,41
vegetable oil,41
oyster sauce,41
ginger,41
oil,32
dark soy sauce,29
Shaoxing wine,28
rice vinegar,27
hoisin sauce,25
eggs,24
light soy sauce,24
white pepper,23
garlic cloves,23
onions,23
peanut oil,22
fresh ginger,22
boneless skinless chicken breasts,19
black pepper,18
carrots,16
spring onions,15
large eggs,15
chinese five-spice powder,13
low sodium soy sauce,13
ground white pepper,12
star anise,11
pepper,11
dry sherry,11
beansprouts,11
cooked rice,10
honey,10
chicken stock,10
kosher salt,10
sauce,10
cilantro,9
red chili peppers,9
canola oil,9
chopped garlic,8
cooking oil,8
shallots,8
brown sugar,8
ketchup,8
szechwan peppercorns,8
celery,7
cooking wine,7
all-purpose flour,7
chicken broth,7
minced garlic,7
egg noodles,7
pork,7
shiitake,7
rice wine,7
chinese rice wine,7
rock sugar,7
bok choy,7
dried orange peel,6
bay leaf,6
light brown sugar,6
toasted sesame oil,6
ground black pepper,6
daikon,6
Chinese egg noodles,6
fish sauce,6
red bell pepper,6
Sriracha,6
mushrooms,6
warm water,6
chicken breasts,6
beef brisket,6
water chestnuts,6
salted cashews,5
chow mein noodles,5
cilantro leaves,5
pineapple juice,5
red pepper flakes,5
low sodium chicken broth,5
bamboo shoots,5
napa cabbage,5
black vinegar,5
corn flour,5
peeled fresh ginger,5
toasted sesame seeds,5
chili sauce,5
cabbage,5
fish,5
green pepper,5
king prawns,4
red pepper,4
shrimp,4
butter,4
beef,4
broccoli florets,4
garlic powder,4
skinless chicken breasts,4
flank steak,4
pork spare ribs,4
tripe,4
cold water,4
yellow onion,4
vinegar,4
cashew nuts,4
unsalted cashews,4
coriander,4
pork tenderloin,4
chili pepper,4
bacon,4
dried shiitake mushrooms,3
ginger root,3
taro,3
gluten free soy sauce,3
peanuts,3
whitefish fillets,3
spring roll wrappers,3
chinese sausage,3
pineapple chunks,3
vegetables,3
cooked white rice,3
sesame seeds,3
baking soda,3
garlic paste,3
boneless skinless chicken thighs,3
plum sauce,3
chili bean paste,3
white sugar,3
pork belly,3
white vinegar,3
baking powder,3
egg whites,3
garlic salt,3
black bean sauce,3
granulated sugar,3
snow peas,3
chicken,3
worcestershire sauce,3
tomato ketchup,3
scallion greens,3
freshly ground black pepper,2
boneless chicken thighs,2
sea salt,2
button mushrooms,2
chinese turnip,2
regular soy sauce,2
buns,2
white sesame seeds,2
sugar pea,2
freshly ground pepper,2
lard,2
lemon juice,2
olive oil,2
peas,2
sichuanese chili paste,2
bbq sauce,2
cockles,2
pork bones,2
udon,2
lettuce leaves,2
sake,2
galangal,2
shredded carrots,2
clove,2
seeds,2
unsalted roasted cashews,2
wood ear mushrooms,2
sliced green onions,2
stock,2
molasses,2
flour,2
dates,2
frozen peas and carrots,2
garlic chives,2
hot water,2
choy sum,2
ginger paste,2
squid,2
sherry,2
young ginger,2
beef fillet,2
chinese black vinegar,2
meat bones,2
chopped fresh cilantro,2
palm sugar,2
lemongrass,2
sweet bean sauce,2
noodles,2
red preserved bean curd,2
chicken thighs,2
coarse salt,2
lime,2
powdered sugar,2
evaporated milk,2
shao hsing wine,2
caramels,2
mung bean sprouts,2
custard powder,2
cider vinegar,2
fishcake,2
chillies,2
prawns,2
chili flakes,2
ground ginger,2
beans,2
egg yolks,2
green bell pepper,2
hot red pepper flakes,2
whole nutmegs,2
lily buds,2
chili,2
cream,2
pork fillets,2
cabbage leaves,2
tofu,2
rice flour,2
lime juice,2
chicken fillets,2
potato starch,2
bay leaves,2
boneless pork shoulder,2
unsalted butter,2
chinese pancakes,2
cooked ham,2
ahi,2
fermented black beans,2
fresh prawn,2
dark sesame oil,2
dry white wine,2
scallops,2
golden caster sugar,2
rice noodles,2
dried red chile peppers,2
frozen peas,2
green beans,2
pomfret,2
vanilla extract,2
ramen noodles,2
tomatoes,1
tilapia,1
quick cooking brown rice,1
green peas,1
mung beans,1
agave nectar,1
serrano chile,1
instant chicken bouillon granules,1
cracked black pepper,1
herbs,1
shredded cabbage,1
abalone,1
bean curd stick,1
reduced sodium chicken broth,1
plum tomatoes,1
ground pork,1
lemon,1
green cabbage,1
sliced mushrooms,1
plums,1
zucchini noodles,1
medium-grain rice,1
sweet chili sauce,1
savoy cabbage,1
tapioca starch,1
chinese celery,1
corn kernels,1
broccoli,1
beef broth,1
cooked turkey,1
red wine,1
chili powder,1
rice,1
lotus leaves,1
long grain white rice,1
duck,1
edamame,1
ground chicken,1
powdered garlic,1
minced ginger,1
firm tofu,1
duck breasts,1
crispy chow mein noodles,1
ground pepper,1
pork shoulder,1
small carrots,1
dry yeast,1
kale,1
garlic oil,1
white onion,1
hot sauce,1
five spice,1
varnish clams,1
grapeseed oil,1
ground turkey,1
"frozen mixed thawed vegetables,",1
soup mix,1
filet,1
chinese chives,1
instant yeast,1
mackerel,1
cumin seed,1
lettuce,1
small tomatoes,1
tilapia fillets,1
orange juice,1
Lipton Sparkling Diet Green Tea with Strawberry Kiwi,1
frozen chopped spinach,1
boneless pork loin,1
japanese mountain yam,1
lamb breast,1
spices,1
coconut oil,1
plain flour,1
asian fish sauce,1
fermented bean paste,1
mixed vegetables,1
pudding,1
pak choi,1
black rice,1
jujube,1
organic sugar,1
char siu,1
steamed white rice,1
chicken legs,1
vegetable shortening,1
white cabbage,1
corn flakes,1
pepper flakes,1
chopped cooked meat,1
dried wood ear mushrooms,1
caster sugar,1
luke warm water,1
chicken drumsticks,1
shelled shrimp,1
balsamic vinegar,1
medium carrot,1
wine,1
garlic chili sauce,1
chinese roast pork,1
carp,1
mexican avocado,1
chopped cilantro,1
dried shrimp,1
mild olive oil,1
tobiko,1
fillets,1
ground sichuan pepper,1
Doubanjiang,1
red food coloring,1
mixed spice,1
fish bones,1
walnuts,1
flavored oil,1
chicken wings,1
bawang goreng,1
sea cucumber,1
vegan bouillon cubes,1
sweet and sour sauce,1
chicken meat,1
white peppercorns,1
fish paste,1
baby bok choy,1
red capsicum,1
chinese ham,1
tongue,1
seaweed,1
red bean paste,1
fresh ginger root,1
small yellow onion,1
vegetable stock,1
teriyaki sauce,1
jam,1
cooked long-grain brown rice,1
pancake,1
almond extract,1
swanson chicken broth,1
boiling water,1
deveined shrimp,1
chili oil,1
cocktail cherries,1
steak,1
yeast,1
mirin,1
reduced sodium soy sauce,1
sliced carrots,1
longan,1
red beans,1
glutinous rice,1
lean bacon,1
stewing hen,1
"PERDUE® FIT & EASY® Boneless, Skinless Chicken Breasts",1
creamy peanut butter,1
tomato purée,1
sea bream,1
pork ribs,1
skinless chicken thighs,1
chicken stock cubes,1
xanthan gum,1
