salt,114
butter,83
milk,73
eggs,66
flour,57
all-purpose flour,54
onions,46
unsalted butter,44
baking powder,42
large eggs,37
sugar,31
carrots,28
kosher salt,26
pepper,25
ground black pepper,25
worcestershire sauce,21
beef stock,18
water,18
potatoes,17
heavy cream,16
raisins,15
olive oil,15
vegetable oil,15
brown sugar,15
lemon,14
garlic,14
vanilla extract,14
baking soda,13
granulated sugar,13
suet,12
cracked black pepper,12
sultana,12
puff pastry,12
caster sugar,12
whole milk,11
white sugar,11
egg yolks,11
cold water,11
self rising flour,11
thyme,10
plain flour,10
bay leaf,10
self raising flour,10
kidney,10
ground cinnamon,9
ground nutmeg,9
bread,9
turbinado,9
brandy,8
stout,8
beef broth,8
yellow onion,8
oil,8
grated nutmeg,8
cinnamon,8
golden syrup,8
nutmeg,8
bread crumbs,8
celery,7
sea salt,7
beef,7
red wine,7
shallots,7
beer,7
garlic cloves,7
tomato paste,7
mushrooms,7
warm water,7
chopped parsley,7
cheddar cheese,7
beef tenderloin,7
currant,7
dark brown sugar,7
golden raisins,7
sweetened condensed milk,6
melted butter,6
black pepper,6
fresh thyme,6
dijon mustard,6
strawberries,6
cream,6
eggnog,6
frozen whipped topping,6
frozen puff pastry sheets,6
frozen peas,6
mashed potatoes,6
fresh cranberries,5
mustard powder,5
leeks,5
honey,5
spiced rum,5
french bread,5
parsley,5
beef drippings,5
lard,5
ground ginger,5
whiskey,5
shredded cheddar cheese,5
grated lemon zest,5
orange,4
parsnips,4
chicken stock,4
lamb kidneys,4
pie crust,4
cake flour,4
walnuts,4
beef fat,4
fresh breadcrumbs,4
fresh sage,4
apples,4
mustard,4
chocolate instant pudding,4
powdered sugar,4
ground pork,4
turmeric,4
mixed spice,4
pie dough,4
chuck steaks,4
liver,4
chives,4
bay leaves,4
beef kidney,4
fine sea salt,4
ground cloves,4
lean ground beef,4
fresh parsley,4
mace,4
corn starch,4
tomato purée,4
cauliflower,4
bacon,4
zante currants,3
active dry yeast,3
freshly ground pepper,3
margarine,3
shortening,3
celery ribs,3
chopped onion,3
cooking spray,3
table salt,3
cranberries,3
dry yeast,3
mixed dried fruit,3
wholemeal flour,3
brussels sprouts,3
baking potatoes,3
prosciutto,3
hot water,3
cayenne,3
maple syrup,3
brownie mix,3
fresh orange,3
yoghurt,3
citrus peel,3
greek yogurt,3
whipping cream,3
caster,3
flour for dusting,3
mustard seeds,3
chopped almonds,3
fresh lemon juice,3
candied peel,3
plain yogurt,3
sage,3
drippings,3
white vinegar,3
vegetable shortening,3
extra-virgin olive oil,3
medium eggs,3
cremini mushrooms,3
pudding,3
cayenne pepper,3
ground beef,3
beef liver,3
canola oil,3
russet potatoes,3
yeast,3
ginger,3
sour cream,3
ground allspice,3
grated orange,3
pure vanilla extract,3
pecans,2
chips,2
pork blood,2
freshly ground black pepper,2
salted butter,2
candied fruit,2
cream cheese,2
buttermilk,2
black peppercorns,2
hanger steak,2
button mushrooms,2
fresh orange juice,2
chocolate candy,2
pastry shell,2
beef stock cubes,2
green onions,2
basmati rice,2
bacon fat,2
cubed bread,2
orange flower water,2
vanilla powder,2
pastry,2
coarse sugar,2
crusty bread,2
lemon juice,2
vidalia onion,2
cod fillets,2
sweet onion,2
paprika,2
lambs liver,2
whole wheat bread,2
juice,2
stilton,2
fresh mint,2
orange zest,2
cilantro leaves,2
pork belly,2
lean minced beef,2
lamb,2
red wine vinegar,2
dark treacle,2
cherries,2
crumpet,2
arrowroot powder,2
italian seasoning,2
gelatin,2
light brown sugar,2
cumin seed,2
scones,2
tarragon,2
sharp cheddar cheese,2
seasoned flour,2
bicarbonate of soda,2
pork shoulder,2
beef stew meat,2
dried fig,2
lime,2
almond meal,2
round steaks,2
crème fraîche,2
soy sauce,2
fresh bay leaves,2
thyme leaves,2
dark muscovado sugar,2
corn syrup,2
red currant jelly,2
coffee,2
vanilla pudding,2
strong white bread flour,2
cooking fat,2
apricot jam,2
fat free greek yogurt,2
fat,2
veal kidneys,2
dried currants,2
blueberries,2
fish sauce,2
white mushrooms,2
dry red wine,2
whole wheat flour,2
dried thyme,2
spinach,2
fresh pork fat,2
cilantro,2
black pudding,2
egg whites,2
unbleached all-purpose flour,2
melon,2
allspice,2
braising steak,2
bread flour,2
ground white pepper,2
pearl onions,2
pork meat,2
dry mustard,2
boiling water,2
curry powder,2
unsweetened shredded dried coconut,2
fresh coriander,2
slab bacon,2
semi-sweet chocolate morsels,2
steak,2
chia seeds,2
softened butter,2
rosemary,2
pinhead oatmeal,2
minced beef,2
mixed peel,2
almond extract,2
fresh mushrooms,2
fresh thyme leaves,2
smoked bacon,1
tomatoes,1
calimyrna figs,1
evaporated milk,1
fresh blueberries,1
whole milk cream,1
fresh chives,1
white chocolate chips,1
mushroom caps,1
blanched almonds,1
cucumber,1
elderflower cordial,1
minced garlic,1
dry sherry,1
white chocolate,1
old-fashioned oats,1
dry white wine,1
shredded parmesan cheese,1
truffle butter,1
seedless cucumber,1
cocoa,1
oats,1
celery salt,1
cherry tomatoes,1
angel food cake,1
custard,1
buns,1
beef bouillon granules,1
chocolate,1
whitefish fillets,1
bone-in short ribs,1
vegetable stock,1
jam,1
onion powder,1
tapioca starch,1
chopped green bell pepper,1
dried fruit,1
canned corn,1
granulated white sugar,1
white button mushrooms,1
yellow cornmeal,1
muscovado sugar,1
white bread,1
stilton cheese,1
long grain white rice,1
garlic puree,1
herbs,1
wild mushrooms,1
pork bones,1
rosemary leaves,1
beef rump,1
cognac,1
montreal steak seasoning,1
eating apple,1
haddock fillets,1
marjoram,1
dark corn syrup,1
garam masala,1
ground pepper,1
shredded sharp cheddar cheese,1
persian cucumber,1
serrano chilies,1
parma ham,1
coconut flour,1
small carrots,1
Madeira,1
lemon wedges,1
calf liver,1
Grey Poupon Dijon Mustard,1
kale,1
salmon,1
soft-boiled egg,1
clove,1
seeds,1
cocoa powder,1
brownie squares,1
cornmeal,1
white wine,1
ground coriander,1
sandwich bread,1
bread dough,1
dried sage,1
white onion,1
cookies,1
beef heart,1
fresh dill,1
stock,1
chopped fresh thyme,1
cool whip,1
molasses,1
garlic powder,1
smoked paprika,1
white bread flour,1
double cream,1
mincemeat,1
potato starch,1
roast beef,1
coffee beans,1
dragon fruit,1
trifle bowl,1
dried porcini mushrooms,1
curry paste,1
full fat coconut milk,1
dark ale,1
glaze,1
fried eggs,1
glace cherries,1
