salt,55
unsalted butter,50
sugar,37
water,34
all-purpose flour,33
eggs,32
butter,27
flour,27
olive oil,26
large eggs,24
onions,24
milk,23
kosher salt,22
garlic,21
garlic cloves,19
bay leaf,16
heavy cream,16
granulated sugar,15
powdered sugar,14
whole milk,12
shallots,11
sea salt,10
plain flour,10
bay leaves,10
yellow onion,10
vanilla extract,10
carrots,9
active dry yeast,9
dry white wine,9
freshly ground pepper,9
ground black pepper,9
beef stock,8
pepper,8
gruyere cheese,8
thyme sprigs,8
fresh thyme,8
egg whites,8
bacon,8
thyme,7
egg yolks,7
tomato paste,7
dried thyme,7
leeks,7
cracked black pepper,6
lemon,6
cognac,6
beef broth,6
caster sugar,6
dry red wine,6
cream,6
brown sugar,6
zucchini,6
vanilla beans,6
red bell pepper,6
fresh thyme leaves,6
tomatoes,5
parsley,5
dark chocolate,5
eggplant,5
bread flour,5
whipping cream,5
pearl onions,5
extra-virgin olive oil,5
chicken,5
flat leaf parsley,5
french bread,5
white wine,4
potatoes,4
chicken broth,4
chicken stock,4
puff pastry,4
mushrooms,4
vegetable oil,4
confectioners sugar,4
saffron threads,4
red pepper flakes,4
unbleached all-purpose flour,4
semisweet chocolate,4
red wine,4
fish,4
orange,3
cream cheese,3
lemon juice,3
crushed red pepper flakes,3
vanilla sugar,3
egg noodles,3
saffron,3
curly-leaf parsley,3
grated Gruyère cheese,3
dijon mustard,3
minced garlic,3
large egg yolks,3
large egg whites,3
medium tomatoes,3
almond extract,3
strawberries,3
mussels,3
fennel,3
crimini mushrooms,3
celery ribs,3
chopped parsley,3
vanilla bean paste,3
worcestershire sauce,3
almond flour,3
baguette,3
toasted baguette,3
fresh parsley,3
basil leaves,3
chicken pieces,3
mashed potatoes,3
demerara sugar,3
oregano,3
pure vanilla extract,3
swiss cheese,2
salted butter,2
kirsch,2
medium zucchini,2
shrimp,2
yellow squash,2
summer squash,2
pastry cream,2
base,2
jam,2
pastry,2
chili powder,2
fennel fronds,2
parsley sprigs,2
orange peel,2
frozen puff pastry sheets,2
cocoa powder,2
thick-cut bacon,2
blackberries,2
shiitake,2
blanched almond flour,2
finely chopped onion,2
nutmeg,2
double cream,2
rosa bianca eggplant,2
seafood stock,2
heavy whipping cream,2
instant yeast,2
light brown sugar,2
croissant dough,2
fish fillets,2
black pepper,2
button mushrooms,2
coarse sea salt,2
soft goat cheese,2
almond meal,2
crème fraîche,2
thyme leaves,2
grated parmesan cheese,2
cold water,2
tenderloin,2
balsamic vinegar,2
white mushrooms,2
sweet onion,2
bouquet garni,2
cherry tomatoes,2
beef,2
fresh herbs,2
Burgundy wine,2
vanilla essence,2
corn flour,2
orange bell pepper,2
sweet chocolate,2
crab,2
plums,2
fine sea salt,2
rum,2
canola oil,2
cod,2
softened butter,2
liver sausage,2
white chocolate,2
salmon fillets,2
sliced almonds,2
food gel,2
whole grain mustard,2
tomato purée,2
purple onion,2
summer savory,2
pinot noir,2
pecans,1
prosciutto,1
simple syrup,1
blood orange,1
glucose,1
celery,1
peas,1
candied fruit,1
black peppercorns,1
baking powder,1
blanched almonds,1
haricots verts,1
low sodium fat free beef broth,1
pistachios,1
ganache,1
apples,1
parmesan cheese,1
plum tomatoes,1
truffle butter,1
vanilla pastry cream,1
sliced mushrooms,1
beaten eggs,1
cornish hens,1
chicken leg quarters,1
custard,1
apricots,1
spiced rum,1
tomatoes with juice,1
chocolate,1
vegetable oil cooking spray,1
vegetable stock,1
orange flower water,1
smoked paprika,1
pears,1
broccoli,1
margarine,1
idaho potatoes,1
french fried onions,1
vegetables,1
white button mushrooms,1
shortening,1
ruby red grapefruit,1
canned chopped tomatoes,1
wheat rolls,1
white bread,1
lobster,1
roasted red peppers,1
light corn syrup,1
wheels,1
fennel seeds,1
homemade beef stock,1
paprika,1
chopped onion,1
cooking spray,1
cranberry juice,1
parsnips,1
juice,1
lardons,1
cardamom pods,1
rockfish,1
fire roasted diced tomatoes,1
sherry,1
sweet pepper,1
cooking oil,1
salmon,1
shredded swiss cheese,1
sage,1
knorr homestyl stock   beef,1
white onion,1
"green bell pepper, sliced",1
fresh dill,1
red wine vinegar,1
chopped fresh thyme,1
fresh raspberries,1
halva,1
clam juice,1
freeze-dried strawberries,1
lemon curd,1
grapeseed oil,1
small eggs,1
dried basil,1
chocolate sauce,1
fennel bulb,1
iceberg lettuce,1
brandy,1
hot water,1
conger eel,1
dried porcini mushrooms,1
bone-in chicken breasts,1
melted butter,1
candied ginger,1
low sodium beef broth,1
large shrimp,1
cherries,1
brewed coffee,1
pork loin chops,1
italian seasoning,1
spaghetti squash,1
Darigold Butter,1
baton,1
ground cinnamon,1
runny honey,1
chicken legs,1
ground pepper,1
kumquats,1
tarragon,1
navel oranges,1
black cherries,1
dark rum,1
ruby port,1
porcini,1
cooking sherry,1
sherry wine,1
dried cranberries,1
coffee extract,1
yoghurt,1
icing,1
pastry dough,1
gooseberries,1
vanilla pods,1
fresh basil,1
cayenne pepper,1
cheese sauce,1
liver pate,1
caster,1
cream of tartar,1
low sodium chicken broth,1
Tabasco Pepper Sauce,1
halibut,1
fresh rosemary,1
frozen cherries,1
ground ginger,1
medium carrot,1
milk chocolate,1
flounder fillets,1
fish stock,1
starch,1
lobster tails,1
fryer chicken,1
figs,1
cage free eggs,1
shells,1
bone-in chicken,1
pacific halibut,1
fruit,1
beer,1
superfine sugar,1
herbes de provence,1
egg wash,1
pernod,1
leaves,1
cointreau,1
fresh asparagus,1
eggnog,1
blue cheese,1
cooking apples,1
french baguette,1
fresh basil leaves,1
yolk,1
marinade,1
pomelo,1
mixed mushrooms,1
chicken livers,1
allspice,1
raw cane sugar,1
parmigiano reggiano cheese,1
I Can't Believe It's Not Butter!® Spread,1
strawberry juice,1
profiteroles,1
stewing beef,1
homemade fish stock,1
soy,1
warm water,1
brown chicken stock,1
lipton recip secret savori herb with garlic soup mix,1
clams,1
speck,1
caramel bits,1
whipped cream,1
brie cheese,1
cake yeast,1
Elmlea whipping cream,1
snickers bars,1
slab bacon,1
"uncook medium shrimp, peel and devein",1
grapefruit zest,1
crepes,1
veal bones,1
agave nectar,1
large carrots,1
pork belly,1
cinnamon,1
shredded parmesan cheese,1
grated lemon zest,1
cold milk,1
crumbled goat cheese,1
rosemary,1
white wine vinegar,1
sour cream,1
green grapes,1
dark beer,1
hazelnuts,1
marjoram,1
corn starch,1
ground almonds,1
rabbit,1
vanilla instant pudding,1
large garlic cloves,1
pasta,1
sweet potatoes,1
thickeners,1
fromage blanc,1
baby carrots,1
roma tomatoes,1
fresh mushrooms,1
ice water,1
finely ground coffee,1
