salt,18
all-purpose flour,16
eggs,12
butter,11
onions,11
pepper,10
caraway seeds,9
brats,9
sauerkraut,9
water,7
sugar,7
ground black pepper,6
oil,6
flour,6
vegetable oil,6
milk,5
juniper berries,5
cream quark,5
spicy brown mustard,5
bread crumbs,5
unsalted butter,5
pickles,4
sea salt,4
baking powder,4
sack,4
beer,4
lemon juice,4
olive oil,4
shredded sharp cheddar cheese,4
gruyere cheese,4
pickled onion,4
rye,4
white wine,4
worcestershire sauce,4
hot sauce,4
lager beer,4
cauliflower,4
franks,4
apples,3
lemon,3
honey,3
veal cutlets,3
brown sugar,3
grated nutmeg,3
garlic,3
mayonnaise,3
heavy cream,3
fresh parsley,3
ground cinnamon,3
purple onion,3
vanilla extract,3
large eggs,3
powdered sugar,3
clarified butter,2
ground ginger,2
bacon drippings,2
potatoes,2
yellow onion,2
active dry yeast,2
knockwurst,2
egg whites,2
bay leaf,2
dark chocolate,2
new potatoes,2
tart apples,2
ground pepper,2
mushrooms,2
beef broth,2
bay leaves,2
fresh lemon juice,2
warm water,2
canola oil,2
chicken stock,2
veal,2
ground cloves,2
knackwurst,2
freshly ground pepper,2
ground almonds,2
gherkins,2
german mustard,2
kosher salt,2
bicarbonate of soda,2
chopped almonds,2
apple cider vinegar,2
cocoa powder,2
smoked bacon,1
baking soda,1
toast,1
mustard,1
balsamic vinegar,1
white sugar,1
lemon slices,1
orange zest,1
cabbage,1
semolina,1
cutlet,1
applewood smoked bacon,1
fresh rosemary,1
black peppercorns,1
preserves,1
red wine vinegar,1
mustard seeds,1
carrots,1
egg yolks,1
ground caraway,1
medaillons of pork,1
raisins,1
softened butter,1
starch,1
laurel leaves,1
green bell pepper,1
plain yogurt,1
fine salt,1
juniper,1
sliced mushrooms,1
veal scaloppini,1
white vinegar,1
dry red wine,1
Grey Poupon Spicy Brown Mustard,1
plain flour,1
malt,1
bermuda onion,1
raspberry jam,1
mustard sauce,1
dried thyme,1
red bell pepper,1
tart shells,1
plain dry bread crumb,1
panko,1
refrigerated crescent rolls,1
dill pickles,1
plain breadcrumbs,1
dry bread crumbs,1
cubed beef,1
rapeseed oil,1
paprika,1
chopped onion,1
Claussen Sauerkraut,1
cognac,1
granulated sugar,1
allspice,1
crust,1
chicken broth,1
smoked bratwurst,1
red cabbage,1
hoagie rolls,1
peppercorns,1
port wine,1
melted butter,1
graham cracker crumbs,1
kielbasa,1
confectioners sugar,1
frozen blueberries,1
coarse salt,1
clove,1
pork spareribs,1
whole cloves,1
veal schnitzel,1
ground white pepper,1
wheat beer,1
cake,1
rum,1
fresh dill,1
poppy seeds,1
butter oil,1
finely chopped onion,1
rolls,1
vanilla bean paste,1
garlic cloves,1
dill,1
german sausages,1
apple juice,1
tomato sauce,1
onion powder,1
white flour,1
dijon mustard,1
caster sugar,1
salt free seasoning,1
vanilla sugar,1
heavy whipping cream,1
light brown sugar,1
flat leaf parsley,1
white wine vinegar,1
sour cream,1
medium carrot,1
tortillas,1
self raising flour,1
sliced almonds,1
minced garlic,1
chopped fresh sage,1
potato starch,1
corn starch,1
whole grain mustard,1
orange peel,1
rump roast,1
gingersnap crumbs,1
coconut oil,1
dark brown sugar,1
goat cheese,1
large egg whites,1
dark bread,1
cooking sherry,1
pork shoulder,1
green pepper,1
beef sausage,1
dry white wine,1
curly parsley,1
baking apples,1
shredded cabbage,1
nutmeg,1
almond extract,1
