salt,48
butter,25
baking soda,23
buttermilk,21
all-purpose flour,21
carrots,18
onions,17
flour,17
sugar,17
baking powder,14
pepper,10
tomato paste,10
garlic,10
large eggs,10
eggs,9
olive oil,9
beef broth,9
ground black pepper,8
bay leaves,8
potatoes,8
beer,7
kosher salt,7
beef stock,6
plain flour,6
whole wheat flour,6
unsalted butter,6
vegetable oil,6
freshly ground black pepper,5
sea salt,5
yellow onion,5
Guinness Beer,5
wheat germ,5
red wine,5
russet potatoes,5
fresh parsley,5
beef stew meat,5
heavy cream,5
milk,4
fresh thyme,4
cooking spray,4
thyme,4
raisins,4
stew meat,4
unbleached all-purpose flour,4
Irish whiskey,4
granulated sugar,4
corned beef,4
baking potatoes,4
water,4
leeks,4
bicarbonate of soda,4
frozen peas,4
currant,4
white sugar,3
bay leaf,3
sweetened condensed milk,3
parsnips,3
lamb,3
canola oil,3
stout,3
worcestershire sauce,3
large garlic cloves,3
mashed potatoes,3
fresh thyme leaves,3
garlic cloves,3
pork blood,2
ginger beer,2
ground ginger,2
cracked black pepper,2
cooking fat,2
cold water,2
pomegranate juice,2
chocolate syrup,2
lemon,2
honey,2
dry red wine,2
gold potatoes,2
black treacle,2
dried thyme,2
fresh pork fat,2
brown sugar,2
beef drippings,2
red potato,2
whiskey,2
cod fillets,2
celery,2
white mushrooms,2
stewing beef,2
diced yellow onion,2
chopped parsley,2
whole milk,2
flat leaf parsley,2
turnips,2
rosemary sprigs,2
large carrots,2
kidney,2
white flour,2
pinhead oatmeal,2
melted butter,2
corn starch,2
oil,2
ground allspice,2
tomato pur√©e,2
cabbage,2
diced celery,2
vanilla extract,2
pomegranate seeds,2
black pepper,2
fresh mushrooms,2
almond extract,2
evaporated milk,1
amaretto,1
fresh cranberries,1
soy sauce,1
toasted slivered almonds,1
porter,1
beef stock cubes,1
calf liver,1
salted butter,1
caster sugar,1
barley,1
peas,1
fresh bay leaves,1
non dairy milk,1
pie crust,1
fresh parsley leaves,1
shredded cabbage,1
pork ribs,1
milk chocolate,1
irish cream liqueur,1
apples,1
caraway seeds,1
soda water,1
champagne vinegar,1
chopped almonds,1
flour tortillas,1
low sodium vegetable broth,1
dried currants,1
diced tomatoes,1
chopped cilantro,1
white vinegar,1
small red potatoes,1
coconut oil,1
fine sea salt,1
steel-cut oatmeal,1
sliced carrots,1
chopped green bell pepper,1
raspberry jam,1
honey whiskey,1
diced lamb,1
yukon gold potatoes,1
red bell pepper,1
coffee granules,1
lamb kidneys,1
white miso,1
tart shells,1
irish bacon,1
yellow cornmeal,1
parsley,1
extra-virgin olive oil,1
beef,1
large potatoes,1
light corn syrup,1
radishes,1
lamb chops,1
sweet potatoes & yams,1
paprika,1
chopped onion,1
cremini mushrooms,1
spelt flour,1
mincemeat,1
fried eggs,1
instant coffee,1
orange peel,1
mushrooms,1
cacao nibs,1
small carrots,1
instant espresso,1
sweet chocolate,1
swede,1
ground beef,1
orange zest,1
lite beer,1
ground turmeric,1
small yellow onion,1
whole cloves,1
1% low-fat milk,1
braising steak,1
dried porcini mushrooms,1
shiitake,1
whole wheat pastry flour,1
cipollini onions,1
brussels sprouts,1
boiling water,1
ground pepper,1
vanilla beans,1
golden beets,1
beef brisket,1
sharp white cheddar cheese,1
knorr leek recip mix,1
suet,1
allspice,1
low-fat buttermilk,1
coffee beans,1
sour milk,1
dijon mustard,1
sunflower oil,1
white chocolate,1
rosemary,1
egg whites,1
oat bran,1
lower sodium beef broth,1
ginger,1
fish fillets,1
sweet onion,1
wheat flour,1
steel-cut oats,1
self raising flour,1
dried rosemary,1
sliced almonds,1
crushed tomatoes,1
dried parsley,1
stock,1
ground almonds,1
oatmeal,1
greens,1
cauliflower florets,1
cheddar cheese,1
lager beer,1
puff pastry,1
ice,1
chipotles in adobo,1
large egg whites,1
extra lean ground beef,1
pure vanilla extract,1
half & half,1
bacon,1
lamb stock,1
garlic powder,1
lime wedges,1
green cabbage,1
ice water,1
reduced sodium beef stock,1
cayenne pepper,1
beef bouillon granules,1
