salt,75
olive oil,64
grated parmesan cheese,60
garlic,45
onions,30
extra-virgin olive oil,29
ground black pepper,28
dry white wine,26
garlic cloves,25
dried oregano,24
pepper,23
kosher salt,22
mozzarella cheese,22
eggs,21
butter,20
carrots,20
ricotta cheese,20
unsalted butter,19
black pepper,18
tomato paste,18
fresh parsley,18
shredded mozzarella cheese,17
ground beef,16
spaghetti,15
arborio rice,15
red wine,14
italian seasoning,14
all-purpose flour,14
parmesan cheese,13
diced tomatoes,13
chicken stock,13
prosciutto,13
shallots,13
fresh basil,12
tomato sauce,12
water,11
fresh basil leaves,11
lasagna noodles,11
bay leaves,11
freshly ground black pepper,10
marinara sauce,10
flour,10
red pepper flakes,10
flat leaf parsley,10
sea salt,9
parsley,9
crushed tomatoes,9
fresh rosemary,9
dried basil,8
lemon,8
sugar,8
pasta,8
milk,8
lean ground beef,8
celery,8
large eggs,8
cracked black pepper,7
freshly ground pepper,7
lemon juice,7
celery ribs,7
tagliatelle,7
chicken broth,7
dried thyme,7
Pillsbury™ Refrigerated Crescent Dinner Rolls,7
chopped parsley,7
pizza sauce,7
tomatoes,6
freshly grated parmesan,6
chopped onion,6
ground pepper,6
garlic powder,6
coarse salt,6
sage leaves,6
veal cutlets,6
mascarpone,6
parmigiano reggiano cheese,6
zucchini,6
basil,6
capers,6
grated lemon zest,6
cauliflower,6
plum tomatoes,5
bay leaf,5
minced garlic,5
ricotta,5
fresh lemon juice,5
white wine,5
fresh oregano,5
mushrooms,5
pancetta,5
dried parsley,5
purple onion,5
leeks,5
baking powder,4
pasta sauce,4
crushed red pepper,4
cherry tomatoes,4
mild Italian sausage,4
fennel seeds,4
crushed red pepper flakes,4
mini pepperoni slices,4
white onion,4
heavy cream,4
asparagus,4
cream,4
egg whites,4
linguine,4
frozen peas,4
large garlic cloves,4
veal,4
anise seed,3
large carrots,3
brandy,3
grating cheese,3
fresh mozzarella,3
vegetable broth,3
virgin olive oil,3
grated lemon peel,3
pepperoni slices,3
vegetable oil,3
fontina cheese,3
white beans,3
balsamic vinegar,3
chili flakes,3
yellow onion,3
risotto rice,3
brown sugar,3
medium zucchini,3
lemon wedges,3
shredded cheddar cheese,3
chives,3
rosemary sprigs,3
pinenuts,3
basil leaves,3
green beans,3
diced celery,3
vanilla extract,3
roma tomatoes,3
fresh thyme leaves,3
hot Italian sausage,2
fresh chives,2
pizza doughs,2
beef stock,2
sweet vermouth,2
thyme,2
collard greens,2
baking soda,2
vegetable oil cooking spray,2
fine sea salt,2
minced beef,2
dry bread crumbs,2
salami,2
fresh spinach,2
marjoram,2
clams,2
fire roasted diced tomatoes,2
bulk italian sausag,2
beef broth,2
pork sausages,2
tonic water,2
ravioli,2
pork,2
whole milk,2
cheese ravioli,2
clam juice,2
finely chopped onion,2
hot water,2
dijon mustard,2
tomato passata,2
red kidney beans,2
herbs,2
london dry gin,2
low salt chicken broth,2
sausages,2
large egg yolks,2
cheese tortellini,2
portabello mushroom,2
small carrots,2
anchovy fillets,2
campari,2
low sodium chicken broth,2
red lentils,2
red wine vinegar,2
dried rosemary,2
fresh peas,2
Italian style breadcrumbs,2
cheese,2
dried pasta,2
white mushrooms,2
dry red wine,2
saffron threads,2
chickpea flour,2
spinach,2
yolk,2
granulated sugar,2
bread crumbs,2
bread flour,2
cannellini beans,2
pepperoncini,2
warm water,2
marsala wine,2
vegetable stock,2
finely chopped fresh parsley,2
dried porcini mushrooms,2
canola oil,2
thin spaghetti,2
celery sticks,2
italian sausage,2
yeast,2
softened butter,2
chopped tomatoes,2
rosemary,2
cannelloni shells,2
corn starch,2
penne pasta,2
chopped celery,2
seasoned bread crumbs,2
veal demi-glace,2
bacon,2
oregano,2
twists,2
nutmeg,2
dried chile,1
pesto,1
giardiniera,1
dried thyme leaves,1
salted butter,1
cannelloni,1
orange,1
sourdough starter,1
sweet pepper,1
buttermilk,1
McCormick Garlic Powder,1
shrimp,1
fresh spinach leaves,1
cooked rice,1
fresh parsley leaves,1
dry sherry,1
active dry yeast,1
McCormick Black Pepper,1
ground pork,1
beef stock cubes,1
base,1
baby spinach,1
juniper berries,1
rotisserie chicken,1
diced yellow onion,1
star anise,1
red mullet fillet,1
dry vermouth,1
corn kernels,1
turkey,1
french bread,1
country bread,1
homemade chicken stock,1
minced onion,1
xylitol sweetener,1
white bread,1
red potato,1
ditalini pasta,1
roasted red peppers,1
cockles,1
"rotini pasta, cook and drain",1
promise buttery spread,1
eggplant,1
paprika,1
cooking spray,1
nonfat ricotta cheese,1
chopped garlic,1
fat free less sodium chicken broth,1
parsley leaves,1
toasted pine nuts,1
small shells,1
tomato purée,1
coconut flour,1
pinot grigio,1
giblet,1
heavy whipping cream,1
smoked streaky bacon,1
clove,1
lemon pepper seasoning,1
poolish,1
diced mushrooms,1
blackberries,1
chopped fresh thyme,1
seasoning,1
orecchiette,1
baguette,1
tarragon,1
whole wheat pasta,1
diced tomatoes in juice,1
smoked paprika,1
ground turkey,1
fennel bulb,1
onion powder,1
Italian cheese blend,1
ragu old world style pasta sauc,1
halibut fillets,1
low sodium beef broth,1
"dri oregano leaves, crush",1
ground red pepper,1
fresh tarragon,1
guanciale,1
bell pepper,1
shaved parmesan cheese,1
boneless skinless chicken thighs,1
asiago,1
kidney beans,1
soft goat cheese,1
risotto,1
hare legs,1
dried pappardelle,1
anise extract,1
walnuts,1
basil pesto,1
mussels,1
gouda,1
large egg whites,1
boneless skinless chicken breasts,1
chicken sausage,1
sherry wine,1
red capsicum,1
tallow,1
chicken thighs,1
egg yolks,1
pasta water,1
evaporated milk,1
smoked gouda,1
95% lean ground beef,1
scallions,1
caster,1
Chianti,1
white sugar,1
caster sugar,1
luke warm water,1
fresh thyme,1
rigatoni,1
cottage cheese,1
spring onions,1
medium carrot,1
cold water,1
part-skim mozzarella,1
arugula,1
sage,1
rabbit,1
oven-ready lasagna noodles,1
summer squash,1
chicken fingers,1
nutritional yeast,1
ground meat,1
garbanzo beans,1
green pepper,1
broccoli rabe,1
chopped fresh sage,1
oil,1
polenta prepar,1
red bell pepper,1
turkey sausage,1
hamburger buns,1
sliced mushrooms,1
thyme sprigs,1
almonds,1
noodles,1
unbleached all-purpose flour,1
beef,1
tentacles,1
green leaf lettuce,1
pasta shell small,1
cremini mushrooms,1
Italian bread,1
mixed mushrooms,1
pearl barley,1
Alfredo sauce,1
chunky tomato sauce,1
whitefish fillets,1
sweet italian sausage,1
ground chuck,1
dried basil leaves,1
pecorino romano cheese,1
small yellow onion,1
flank steak,1
1% low-fat milk,1
mayonnaise,1
butternut squash,1
pheasant,1
"red bell pepper, sliced",1
sweet paprika,1
whole wheat spaghetti,1
escarole,1
vanilla beans,1
curry powder,1
red pasta sauce,1
"uncook medium shrimp, peel and devein",1
ground steak,1
dumplings,1
grated nutmeg,1
ground sirloin,1
chia seeds,1
scallops,1
grape tomatoes,1
