sesame oil,9
soy sauce,8
salt,8
water,8
sugar,5
garlic,5
scallions,4
rice vinegar,4
ginger,4
sesame seeds,4
green onions,3
light brown sugar,3
oil,3
Gochujang base,3
light soy sauce,3
corn starch,3
kimchi,3
ground beef,2
seaweed,2
toasted sesame seeds,2
short-grain rice,2
canola oil,2
carrots,2
cold water,2
dark soy sauce,2
chinese turnip,2
hard-boiled egg,2
mirin,2
chestnuts,2
spring onions,2
chili pepper,2
star anise,2
white pepper,2
lettuce,2
red pepper flakes,2
brown sugar,2
Shaoxing wine,2
jujube,2
tripe,2
beansprouts,2
minced garlic,2
beef short ribs,1
salted anchovies,1
mung beans,1
shiitake,1
sea salt,1
rice wine,1
ground ginger,1
stock,1
korean chile paste,1
cucumber,1
butter,1
pinenuts,1
ketchup,1
raisins,1
spareribs,1
rib,1
roasted sesame seeds,1
reduced sodium soy sauce,1
honey,1
pepper,1
cane sugar,1
white vinegar,1
top sirloin,1
rice cakes,1
arrowroot,1
mackerel,1
mung bean sprouts,1
ground cinnamon,1
black pepper,1
hamburger buns,1
garlic cloves,1
eggs,1
boneless pork loin,1
fishcake,1
red potato,1
vegetable oil,1
kosher salt,1
pickling liquid,1
radishes,1
walnuts,1
noodles,1
sweet rice,1
fresh ginger,1
Korean rice cakes,1
apple cider vinegar,1
green chilies,1
lean ground beef,1
