salt,3597
butter,1609
sugar,1525
water,1398
eggs,1267
olive oil,1233
pepper,1053
onions,1037
milk,1014
garlic,960
unsalted butter,861
all-purpose flour,836
flour,765
kosher salt,665
baking powder,631
vanilla extract,603
lemon juice,547
sea salt,518
large eggs,514
garlic cloves,499
granulated sugar,477
lemon,476
carrots,452
brown sugar,442
ground black pepper,436
honey,430
baking soda,419
black pepper,417
vegetable oil,405
oil,394
cinnamon,372
extra-virgin olive oil,369
powdered sugar,367
heavy cream,353
ground cinnamon,301
vanilla,298
garlic powder,284
corn starch,266
fresh parsley,248
cream cheese,237
tomatoes,235
whole milk,231
sour cream,231
freshly ground black pepper,222
shallots,218
fresh lemon juice,213
yellow onion,211
paprika,211
celery,208
potatoes,208
ginger,202
bananas,201
soy sauce,199
plain flour,198
mayonnaise,195
coconut oil,194
egg yolks,192
orange,187
cayenne pepper,185
caster sugar,185
green onions,183
grated parmesan cheese,178
parsley,175
bacon,172
egg whites,170
warm water,170
maple syrup,166
chicken stock,164
chili powder,162
ground cumin,162
purple onion,162
worcestershire sauce,159
canola oil,159
dijon mustard,157
apples,156
active dry yeast,154
coconut milk,149
white sugar,149
buttermilk,149
chicken broth,148
nutmeg,148
cream,147
freshly ground pepper,146
lime,145
fresh thyme,144
cold water,142
strawberries,140
ground ginger,139
bay leaves,138
tomato paste,137
onion powder,128
dried thyme,126
bread crumbs,125
minced garlic,122
cocoa powder,119
thyme,119
light brown sugar,118
clove,118
avocado,118
dried oregano,118
chopped parsley,115
raisins,115
bay leaf,114
scallions,113
ground nutmeg,113
mushrooms,113
turmeric,112
sweet potatoes,112
leeks,111
red bell pepper,111
pure vanilla extract,110
rolled oats,109
fresh rosemary,108
parmesan cheese,107
bread flour,107
balsamic vinegar,106
apple cider vinegar,106
melted butter,105
flat leaf parsley,104
boiling water,102
cracked black pepper,101
fresh ginger,100
dry white wine,99
orange juice,99
cheddar cheese,99
confectioners sugar,99
ice cubes,97
chives,97
smoked paprika,97
celery ribs,96
lime juice,96
zucchini,96
cucumber,95
white wine,94
white vinegar,94
whole wheat flour,94
ice,93
ground beef,92
ketchup,90
cumin,89
ground turmeric,89
dark chocolate,87
green chilies,87
cheese,87
fine sea salt,86
diced tomatoes,85
almonds,85
cinnamon sticks,83
tomato sauce,83
molasses,83
whipped cream,81
vegetable stock,80
chicken,80
sweetened condensed milk,79
capers,78
lemon zest,77
green bell pepper,77
large egg yolks,77
oregano,76
sesame seeds,76
mango,76
instant yeast,75
walnuts,75
red wine vinegar,75
ground cloves,75
red chili peppers,74
unsweetened cocoa powder,74
rice,74
spring onions,73
curry powder,73
chickpeas,73
ground coriander,72
dried cranberries,72
beef broth,72
chopped onion,70
vegetable broth,70
red wine,69
coriander,69
mustard,69
red pepper flakes,69
dark brown sugar,69
puff pastry,69
sesame oil,69
corn flour,69
vinegar,69
frozen peas,66
coconut sugar,66
golden syrup,66
almond extract,66
cherry tomatoes,65
cilantro,65
greek yogurt,65
boneless skinless chicken breasts,65
basil,65
bread,64
allspice,64
cauliflower,64
fresh lime juice,64
rosemary,64
jalapeno chilies,63
sauce,62
cooking oil,62
fresh dill,62
shredded cheddar cheese,62
ground pepper,62
yeast,62
ghee,61
kale,61
oats,61
cake flour,61
salted butter,60
yoghurt,60
cumin seed,60
fresh mint,59
spinach,59
vanilla ice cream,59
mustard seeds,59
chocolate,59
vanilla beans,58
heavy whipping cream,58
russet potatoes,58
whipping cream,58
red pepper,57
fresh basil,56
cilantro leaves,56
brandy,55
dill,55
ground cardamom,55
cashew nuts,55
pecans,55
light corn syrup,54
hot water,54
large carrots,54
vodka,54
evaporated milk,53
vanilla essence,53
large egg whites,53
fruit,53
grated nutmeg,53
white onion,53
raspberries,53
shortening,53
pie crust,53
coconut,52
self raising flour,52
baby spinach,52
condensed milk,51
fennel seeds,51
large garlic cloves,51
basil leaves,50
parsnips,50
semi-sweet chocolate morsels,50
agave nectar,50
chocolate chips,50
cayenne,50
margarine,50
juice,50
turnips,50
mint leaves,50
dried basil,49
chia seeds,49
cooking spray,49
italian seasoning,49
dried parsley,49
coarse salt,49
white wine vinegar,48
herbs,47
cream of tartar,47
sliced almonds,47
crème fraîche,46
turkey,46
fresh cranberries,45
pomegranate seeds,45
blueberries,44
mozzarella cheese,44
dry mustard,44
sunflower seeds,44
caraway seeds,44
milk chocolate,43
chicken breasts,43
quinoa,43
currant,43
dry yeast,43
yukon gold potatoes,43
chopped walnuts,43
sweet onion,43
beets,42
rice vinegar,42
crushed tomatoes,42
cherries,42
lemon wedges,42
club soda,42
medium carrot,42
beer,42
white chocolate,42
cabbage,41
hot sauce,41
nuts,41
mint,41
lean ground beef,41
peaches,41
pears,41
half & half,41
pinenuts,41
vegetables,40
butternut squash,40
seasoning salt,40
almond milk,40
chopped fresh cilantro,40
self rising flour,40
crushed red pepper flakes,40
beef stock,40
black beans,40
black peppercorns,40
panko breadcrumbs,40
ground allspice,40
poppy seeds,39
green beans,39
chili flakes,39
broccoli,39
tahini,39
pistachios,38
cranberries,38
chopped fresh chives,38
brussels sprouts,38
curry leaves,38
chopped pecans,38
grated lemon zest,38
peas,38
rice flour,38
jam,37
dried rosemary,37
feta cheese,37
sunflower oil,37
beef,37
leaves,37
garlic salt,37
wheat flour,37
mashed potatoes,37
bittersweet chocolate,37
ground white pepper,37
pure maple syrup,36
hazelnuts,36
double cream,36
asparagus,36
pumpkin purée,36
crushed red pepper,36
seeds,36
peanuts,36
cocoa,36
cornmeal,36
pineapple,36
vanilla bean paste,36
seasoning,36
sultana,35
grapeseed oil,35
coriander seeds,35
orange zest,35
eggplant,35
shredded cheese,35
tomato purée,35
spices,35
fresh thyme leaves,35
white pepper,34
apple cider,34
Sriracha,34
lime wedges,34
pumpkin pie spice,34
fresh basil leaves,34
low sodium chicken broth,34
pearl barley,34
semisweet chocolate,34
raw honey,34
fish sauce,34
unbleached all-purpose flour,34
radishes,34
fennel bulb,34
ground almonds,34
chopped cilantro,34
rum,33
fresh oregano,33
fresh cilantro,33
fresh breadcrumbs,33
coconut flour,33
bourbon whiskey,32
crushed ice,32
shredded coconut,32
gelatin,32
grating cheese,32
dry bread crumbs,32
blackberries,32
whole grain mustard,31
pasta,31
kidney beans,31
green pepper,31
sliced mushrooms,31
coconut cream,31
biscuits,31
corn syrup,31
pork,31
