salt,5
milk,4
egg yolks,4
garlic,3
corn starch,3
olive oil,3
pepper,3
bay leaf,3
cinnamon,3
sugar,3
onions,2
white sugar,2
peach slices,2
tripe,2
chorizo,2
butter,2
flour,2
cold water,2
carrots,2
white beans,2
lemon,2
custard,2
frozen puff pastry sheets,2
vanilla beans,2
dried oregano,1
orange zest,1
unsalted butter,1
lemon extract,1
ground black pepper,1
plaice fillet,1
ground cinnamon,1
ground allspice,1
coriander,1
sweet paprika,1
ground ginger,1
parsley,1
rice,1
cinnamon sticks,1
sweetened coconut flakes,1
eggs,1
cornbread,1
large eggs,1
granulated sugar,1
grated nutmeg,1
ground cumin,1
ground cloves,1
lemon zest,1
chile powder,1
