salt,34
sugar,21
butter,16
baking powder,15
buttermilk,12
water,12
all-purpose flour,12
milk,11
onions,11
unsalted butter,10
pepper,9
cayenne,9
hot sauce,9
garlic,8
eggs,8
flour,8
garlic powder,8
ground black pepper,7
brown sugar,7
black-eyed peas,7
ketchup,7
kosher salt,7
baking soda,6
catfish fillets,6
olive oil,6
yellow cornmeal,6
cayenne pepper,6
worcestershire sauce,6
black pepper,6
okra,5
lemon,5
honey,5
apple cider vinegar,5
bacon,5
large eggs,5
celery,4
green bell pepper,4
cream style corn,4
creole seasoning,4
corn starch,4
cheddar cheese,4
sweet potatoes,4
peanut oil,3
yellow onion,3
green onions,3
dried thyme,3
table salt,3
minced garlic,3
cornmeal,3
yellow mustard,3
chicken stock,3
seasoning salt,3
biscuits,3
vegetable oil,3
evaporated milk,2
old bay seasoning,2
cream of tartar,2
salted butter,2
white sugar,2
flavoring,2
sharp cheddar cheese,2
collard greens,2
breakfast sausages,2
fine sea salt,2
whole wheat flour,2
cider vinegar,2
self rising flour,2
garlic cloves,2
red pepper flakes,2
shortening,2
canola,2
diced tomatoes,2
light corn syrup,2
sweet onion,2
powdered milk,2
granulated sugar,2
chicken bouillon,2
ground pepper,2
bay leaves,2
whole milk,2
peaches,2
canola oil,2
bourbon whiskey,2
wondra flour,2
chicken broth,2
ground red pepper,2
sweet corn,2
tomatoes,2
heavy cream,2
sour cream,2
frozen orange juice concentrate,2
neutral oil,2
purple onion,2
chili,2
elbow macaroni,2
vanilla,2
butter beans,2
sandwiches,2
white cheddar cheese,2
plain whole-milk yogurt,2
salted peanuts,2
ranch dressing,1
dried oregano,1
navy beans,1
granulated garlic,1
jalapeno chilies,1
scallions,1
adobo sauce,1
fennel bulb,1
shredded cheese,1
anise seed,1
chicken bouillon granules,1
fresh thyme,1
peas,1
pickles,1
dry mustard,1
sea salt,1
unsulphured molasses,1
black peppercorns,1
salt pork,1
cracked black pepper,1
beans,1
pie crust,1
hot pepper sauce,1
bacon drippings,1
smoked sausage,1
shrimp stock,1
cinnamon,1
crushed red pepper,1
baked beans,1
file powder,1
beaten eggs,1
pure vanilla extract,1
frozen meatballs,1
shrimp and crab boil seasoning,1
ham hock,1
spicy sausage,1
Crystal Hot Sauce,1
pork and beans,1
white cornmeal,1
oil,1
herbes de provence,1
chopped green bell pepper,1
Johnsonville Andouille,1
shrimp,1
corn kernels,1
freshly ground pepper,1
red bell pepper,1
hamburger buns,1
vegetables,1
cream,1
meat,1
vidalia onion,1
feta cheese crumbles,1
homemade chicken stock,1
cilantro,1
dry roasted peanuts,1
unbleached all-purpose flour,1
Equal Sweetener,1
cabbage,1
breadstick,1
shrimp shells,1
"whole kernel corn, drained",1
grated nutmeg,1
diced tomatoes in juice,1
coleslaw,1
allspice,1
barbecue sauce,1
tomato paste,1
lean ground beef,1
giblet,1
crawfish,1
vegan bacon,1
nonfat milk,1
sage,1
butter-margarine blend,1
warm water,1
lime juice,1
chopped parsley,1
center cut bacon,1
lima beans,1
butternut squash,1
molasses,1
bacon grease,1
ham,1
rice,1
dried minced onion,1
boneless skinless chicken thighs,1
brewed coffee,1
boneless pork shoulder,1
hard-boiled egg,1
dry white wine,1
yeast,1
rice bran oil,1
cooked rice,1
jumbo shrimp,1
masa harina,1
chicken,1
deep dish pie crust,1
flat leaf parsley,1
barbecue seasoning,1
rendered bacon fat,1
bell pepper,1
turbinado,1
whipping cream,1
fresh parsley,1
red kidney beans,1
pork sausages,1
pickle juice,1
cajun seasoning,1
margarine,1
pan drippings,1
whole grain mustard,1
peanuts,1
penne pasta,1
white wine,1
Klondike Gourmet mini potatoes,1
cheese,1
hamburger patties,1
chipotles in adobo,1
acorn squash,1
dark brown sugar,1
mustard,1
Dr. PepperÂ®,1
green pepper,1
round steaks,1
black lentil,1
spices,1
vanilla extract,1
pumpkin pie spice,1
pimento cheese,1
coarse salt,1
liquid smoke,1
smoked paprika,1
powdered sugar,1
