fish sauce,14
coconut milk,13
garlic,10
lemongrass,9
salt,8
brown sugar,8
fresh ginger,8
garlic cloves,7
Thai red curry paste,6
shallots,6
curry powder,6
cilantro,5
water,5
lime,5
soy sauce,4
scallions,4
red curry paste,4
coconut cream,4
onions,4
galangal,4
cilantro leaves,4
lime juice,4
pepper,4
ground cumin,4
rice vinegar,3
peanuts,3
yellow onion,3
minced garlic,3
red bell pepper,3
shrimp paste,3
chiles,3
red chili peppers,3
chicken stock,3
pineapple,3
sugar,3
peanut butter,3
kaffir lime leaves,3
fresh basil,3
tomatoes,2
firm tofu,2
sea salt,2
bamboo shoots,2
spring onions,2
dry roasted peanuts,2
coriander seeds,2
turmeric,2
eggs,2
green beans,2
boneless chicken,2
duck breasts,2
light coconut milk,2
cooking oil,2
ground coriander,2
canola oil,2
mango,2
ground turkey,2
green onions,2
lime zest,2
minced ginger,2
ginger,2
cumin seed,2
mild curry powder,2
palm sugar,2
purple onion,2
green curry paste,2
thai chile,2
vegetable oil,2
coconut oil,2
kosher salt,2
jasmine rice,2
meat,2
cucumber,2
olive oil,2
low sodium soy sauce,1
lime leaves,1
thai basil,1
cider vinegar,1
shredded coconut,1
chillies,1
Italian basil,1
ground ginger,1
cooked rice,1
carrots,1
potatoes,1
dark soy sauce,1
Boston lettuce,1
unsweetened coconut milk,1
okra,1
cardamon,1
long beans,1
baby spinach,1
roasted cashews,1
cherry tomatoes,1
Thai Kitchen Coconut Milk,1
chopped cilantro,1
sweet chili sauce,1
dried shrimp,1
vegetable stock,1
fine sea salt,1
steamed rice,1
oil,1
fish,1
cashew nuts,1
freshly ground pepper,1
chili,1
sauce,1
lemon juice,1
asian eggplants,1
vegetables,1
chili powder,1
lime wedges,1
egg whites,1
dried Thai chili,1
fresh pineapple,1
red potato,1
boneless chicken breast,1
brown basmati rice,1
reduced fat coconut milk,1
sesame seeds,1
eggplant,1
pomelo,1
chilli paste,1
cooking spray,1
crushed red pepper flakes,1
granulated sugar,1
chicken broth,1
sunflower oil,1
peppercorns,1
I Can't Believe It's Not Butter!Â® Spread,1
mushrooms,1
egg noodles,1
beef roast,1
peeled fresh ginger,1
bawang goreng,1
fresh mint,1
kale,1
shredded carrots,1
ground turmeric,1
Jasmine brown rice,1
root vegetables,1
roast,1
coriander,1
extra firm tofu,1
fresh coriander,1
sesame oil,1
dark sesame oil,1
roasted peanuts,1
chicken breasts,1
medium tomatoes,1
peanut oil,1
dressing,1
cinnamon,1
ground cloves,1
hot water,1
bird chile,1
grape tomatoes,1
curry,1
broccoli,1
coconut sugar,1
sweet corn,1
glutinous rice,1
chicken,1
light brown sugar,1
white wine vinegar,1
fresh lime juice,1
boneless skinless chicken thighs,1
tamarind paste,1
fish fillets,1
chopped fresh cilantro,1
creamy peanut butter,1
pineapple chunks,1
green chilies,1
cauliflower,1
Thai Kitchen Red Curry Paste,1
cilantro root,1
frozen peas,1
asian fish sauce,1
golden raisins,1
whitefish,1
sweet potatoes,1
tilapia fillets,1
nutmeg,1
large eggs,1
