corn starch,4
sugar,4
water,4
cold water,3
confectioners sugar,3
cream of tartar,2
ground black pepper,2
rosewater,2
light corn syrup,2
pistachios,2
lemon juice,2
food colouring,2
all-purpose flour,2
ground beef,1
orange zest,1
unsalted butter,1
butter,1
sea salt,1
candy,1
orange juice,1
garlic,1
ground lamb,1
extract,1
olive oil,1
garlic cloves,1
eggs,1
zucchini,1
panko,1
low-fat milk,1
red food coloring,1
fresh dill,1
fresh parsley,1
cheese,1
sweet paprika,1
grated parmesan cheese,1
kosher salt,1
molasses,1
flour,1
onions,1
salt,1
pistachio nuts,1
black pepper,1
syrup,1
cooking spray,1
greek yogurt,1
chopped walnuts,1
cayenne pepper,1
granulated sugar,1
vanilla extract,1
ground cumin,1
cinnamon,1
garlic powder,1
cooking oil,1
powdered sugar,1
cucumber,1
tomato paste,1
lemon,1
unflavored gelatin,1
vegetable oil,1
cold milk,1
granulated white sugar,1
dough,1
